!key!,String,Screen,English,GERMAN,KOREAN
!key!Need Translate,access_group,UserAccessGroup/_user_inquiry/_user_modify/,Access Group,Skupina,Zutrittsgruppe,Groupe d'accès,Gruppo Accesso ,アクセスグループ,출입 그룹,Įeigos grupė,Grupa dostępu,
!key!Need Translate,active,MyProfile/UserInquriy/UserModify/,Active,Aktivní,Aktiv,Actif,Attivo ,有効,활성화,Aktyvus,Aktywny,
!key!Need Translate,add,add_delete/,Add,Přidat,Hinzufügen,Ajouter,Aggiungi ,追加,추가,Pridėti,Dodaj,
!key!Need Translate,alarm,AlarmList/side menu/,Alarm,Poplachy,Alarm,Alarme,Allarme ,アラーム,알람,Aliarmas,Alarm,
!key!Need Translate,alarm_upper,_main/,ALARM,POPLACHY,ALARM,ALARME,ALLARME ,アラーム,알람,ALIARMAS,Alarm,
!key!Need Translate,all_devices,FilterView/view_filter/,All Devices,Všechna zařízení,Alle Geräte,Tous les équipements,Tutti i Dispos. ,全ての端末,모든 장치,Visi prietaisai,Wszystkie urządzenia,
!key!Need Translate,all_door,DoorList/,All Doors,Všechny dveře,Alle Türen,Toutes les portes,Tutte le Porte ,全てのゲート,모든 출입문,Visos durys,Wszystkie drzwi,
!key!Need Translate,all_events,FilterView/view_filter/,All Events,Všechny události,Alle Ereignisse,Tous les évènements,Tutti gli Eventi ,全てのイベント,모든 이벤트,Visi įvykiai,Wszystkie zdarzenia,
!key!Need Translate,all_users,MyProfile/UserInquriy/UserList/UserModify/FilterView/_user_modify/view_filter/,All Users,Všichni uživatelé,Alle Benutzer,Tous les utilisateurs,Tutti gli Utenti ,全てのユーザー,모든 사용자,Visi vartotojai,Wszyscy użytkownicy,
!key!Need Translate,already_assigned,Card/Permision/UserAccessGroup/,List Already Assigned,Seznam je již přiřazen,Bereits zugewiesen,Liste déjà assignée,Lista gia' assegnata ,割り当て済み,이미 할당되었습니다.,Sąrašas jau priskirtas,Już przydzielono,
!key!Need Translate,app_name,AndroidManifest/searchable/,BioStar 2,BioStar 2,BioStar 2,BioStar 2,BioStar 2 ,BioStar 2,BioStar 2,BioStar 2,BioStar 2,
!key!Do not Translate,app_version,AndroidManifest/Login/Preference/side menu/,1.0.1,,,,,,,,,
!key!Need Translate,applied_filter,Monitor/,Filter Applied,Výsledek filtru,Filter angewendet,Filtre appliqué,Filtro Applicato ,検索条件が適用されました。,검색조건이 적용되었습니다.,Taikomas filtras,Filtr aktywny,
!key!Need Translate,biostar2,_login/side menu/,BioStar 2,BioStar 2,BioStar 2,BioStar 2,BioStar 2 ,BioStar 2,BioStar 2,BioStar 2,BioStar 2,
!key!Need Translate,cancel,Login/Alarm/AlarmList/BaseAccessGroup List/BaseCard List/BaseDevice List/BaseDoor List/BaseMonitor List/BasePermission List/BaseUser List/BaseUserGroup List/DoorList/Home/Monitor/Preference/Card/Fingerprint/MyProfile/Permision/UserAccessGroup/UserList/UserModify/popup_card/popup_common/popup_password/popup_select/,Cancel,Zrušit,Abbrechen,Annuler,Cancella ,キャンセル,취소,Atšaukti,Anuluj,
!key!Need Translate,canceled,Alarm/Door/,Cancel Request,Zrušit požadavek,Abgebrochen,Requête annulée,Annulla ,要求がキャンセルされました。,요청이 취소되었습니다.,Atšaukti užklausą,Anulowano,
!key!Need Translate,card,Card List/Card/_user_inquiry/_user_modify/,Card,Karta,Karte,Carte,Carta ,カード,카드,Kortelė,Karta,
!key!Need Translate,card_id,popup_card/,Card ID,Číslo karty,Karten-ID,Carte ID,ID Carta ,カードID,카드 아이디,Kortelės ID,ID karty,
!key!Need Translate,card_on_device,Card/,Scan Card on Selected Device,Načíst kartu na zvoleném zařízení,Bitte Karte auf dem Gerät platzieren,Scanner la carte sur l'équipement sélectionné,Scannerizza Carta su Dispos. ,カードを端末にかざしてください。,카드를 장치에 대세요,Nuskanuokite kortelę,Przyłóż kartę do urządzenia,
!key!Need Translate,clear_alarm,Alarm/Door/door_admin/,Disarm Alarm,Odstřežit,Alarm aufheben,Alarme désactivée,Disattiva Allarme ,警備解除,알람 해제,Išjungti aliarmą,Kasuj alarm,
!key!Need Translate,clear_apb,Alarm/Door/door_admin/,Reset APB,Restartovat anti-pass back,Anti-Passback aufheben,Anti-Passback réinitialisé,Disattiva Anti-Passback ,APB状態リセット,APB 초기화,Atstatyti APB,Kasuj Antypassback,
!key!Need Translate,credential,_user_inquiry/_user_modify/,Credential,Identifikátory,Berechtigungsmedium,Qualification,Crediti ,資格,크리덴셜,Autorizacija,Poświadczenia,
!key!Need Translate,date,Preference/_prefernce/,Date,Datum,Datum,Date,Data ,日,날짜,Data,Data,
!key!Need Translate,delete,AlarmList/UserAccessGroup/UserList/add_delete/delete/user_list_admin/,Delete,Smazat,Löschen,Supprimer,Elimina ,削除,삭제,Ištrinti,Usuń,
!key!Need Translate,delete_card,Card/,Delete Card,Smazat kartu,Karte löschen,Supprimer la carte,Elimina Carta ,カード削除,카드삭제,Ištrinti kortelę,Usuń kartę,
!key!Need Translate,delete_confirm,delete_confirm/,Confirm Delete,Potvrdit smazání,Löschen bestätigen,Confirmer la suppression,Conferma Eliminazione ,削除確認,삭제 확인,Patvirtinti ištrynimą,Potwierdź usunięcie,
!key!Need Translate,delete_confirm_question,AlarmList/Card/Fingerprint/Permision/UserAccessGroup/UserList/,Permanently Delete Data?,Vymazat údaje trvale?,Sind Sie sicher@ dass Sie löschen möchten?,Supprimer les donnée de manière permanente ?,Cancellare definitivamente i dati? ,データを完全に削除しますか？,삭제하시겠습니까?,Ar tikrai norite ištrinti?,Czy chcesz usunąć?,
!key!Need Translate,delete_fingerprint,Fingerprint/,Delete Fingerprint,Smazat otisk prstu,Fingerabdruck löschen,Supprimer l'empreinte,Elimina Impronta ,指紋削除,지문 삭제,Ištrinti pirštų atspaudus,Usuń palec,
!key!Need Translate,delete_permission,Permision/,Delete Permission,Smazat oprávnění,Berechtigung löschen,Supprimer la permission,Elimina Permesso ,権限削除,권한삭제,Ištrinti leidimą,Usuń uprawnienie,
!key!Need Translate,delete_picture,MyProfile/UserModify/,Delete Photo,Smazat obrázek,Bild löschen,Supprimer la photo,Elimina Foto ,写真を削除,사진 삭제,Ištrinti nuotrauką,Usunięto zdjęcie,
!key!Need Translate,deleted_door_info,Monitor/,Door None,Již odebrané dveře,Tür gelöscht,Déjà supprimé,Porta gia' Eliminata ,削除されたゲートです。,출입문 정보가 없습니다.,Ištrintos durys,Usunięto drzwi,
!key!Need Translate,deleted_user,UserList/,User Deleted,Uživatel smazán,Benutzer gelöscht,Utilisateur supprimé,Utente Eliminato ,ユーザーが削除されました。,사용자가 삭제되었습니다.,Vartotojas ištrintas,Usunięto użytkownika,
!key!Need Translate,deleted_user_info,Monitor/,User None,Již smazaný uživatel,Benutzer gelöscht,Utilisateur déjà supprimé,Utente gia' eliminato ,削除されたユーザーです。,사용자 정보가 없습니다.,Vartotojas ištrintas,Już usunięto użytkownika,
!key!Need Translate,designed,side menu/,Designed by Suprema,Designed by Suprema,Designed by Suprema,Réalisé par Suprema,Designed by Suprema ,Designed by Suprema,Designed by Suprema,Designed by Suprema,Designed by Suprema,
!key!Need Translate,device,Monitor/view_filter/,Device,Zařízení,Gerät,Equipement,Dispositivo ,端末,장치,Prietaisas,Urządzenie,
!key!Need Translate,direct_download,Home/Preference/,Direct APK Download,Přímý APK download,Direkter Downloade der APK-Datei,Téléchargement direct de l'Anti-Passback,Download diretto APK ,APKダウンロード,APK 직접 다운로드,Tiesioginis APK parsisiuntimas,Bezpośrednio pobierz APK,
!key!Need Translate,disconnected,Door/,Disconnected,Odpojeno,Getrennt,Déconnecté,Disconnettere ,切断,연결끊김,Atsijungta,Rozłączono,
!key!Need Translate,door,Monitor/side menu/,Door,Dveře,Tür,Porte,Porta ,ゲート,출입문,Durys,Drzwi,
!key!Need Translate,door_control,Alarm/Door/_alarm/_door/,Door Control,Ovládání dveří,Türkontrolle,Contrôle de porte,Controllo Porta ,ゲート制御,출입문 제어,Durų kontrolė,Zarządzanie drzwiami,
!key!Need Translate,door_is_open,Door/,Door Opened,Dveře otevřeny,Tür wurde geöffnet,Porte ouverte,Porta Aperta ,ゲートが開きました。,출입문이 열렸습니다.,Durys atidarytos,Drzwi otwarte,
!key!Need Translate,door_open_fail,Door/,Door Failed to Open,Otevření dveří selhalo,Öffnen der Tür fehlgeschlagen,Echec de l'ouverture de la porte,Errore Apertura Porta ,ゲート解錠失敗,출입문 열림 실패,Durų atidarymas nepavyko,Nieudane otwarcie drzwi,
!key!Need Translate,door_relay,_door/,Door Relay,Dveřní relé,Türrelais,Relais de porte,Rele' Porta ,ゲートリレー,출입문 릴레이,Durų rėlė,Przekaźnik drzwi,
!key!Need Translate,door_sensor,_door/,Door Sensor,Dveřní senzor,Türsensor,Contact de porte,Sensore Porta ,ゲートセンサー,출입문 센서,Durų jutiklis,Kontaktron,
!key!Need Translate,door_upper,_main/,DOOR,DVEŘE,TÜR,PORTE,PORTA ,ゲート,출입문,DURYS,Drzwi,
!key!Need Translate,edit,edit/,Edit,Editace,Bearbeiten,Editer,Modifica ,修正,수정,Pridėti,Edycja,
!key!Need Translate,edit_photo,MyProfile/UserModify/,Edit Photo,Změnit fotografii,Foto bearbeiten,Editer la photo,Modifica Foto ,写真の修正,사진 수정,Pridėti nuotrauką,Edytuj zdjęcie,
!key!Need Translate,email,_user_inquiry/_user_modify/,Email,E-mail,E-Mail,E-mail,E-mail ,メール,이메일,E.laiškas,Email,
!key!Need Translate,end_date,UserModify/FilterView/,Expiry Date,Datum expirace,Enddatum,Date expirée,Data Fine ,終了日,종료일,Galiojimo laikas,Data końca,
!key!Need Translate,end_time,FilterView/,End Time,Do...,Endzeit,Temps de fin,Ora Fine ,終了時間,종료 시간,Pabaigos laikas,Czas końca,
!key!Need Translate,entry_device,_door/,Entry Device,Čas pro vstup,Eingangs-Gerät,Temps d'entrée,Ora accesso ,入室端末,입실 장치,Įėjimo laikas,Urządzenie wejściowe,
!key!Need Translate,error_network,Setting/,Device Network Disabled or Server Address Incorrect,Nedostupné zařízení nebo chybná adresa serveru,Keine Datenverbindung oder Serveradresse ist fehlerhaft.,Réseau d'équipement non disponible ou adresse serveur incorrecte,Connessione Dispos. Disabilitata o Indirizzo Server non corretto ,端末ネットワークが無効か、サーバアドレスが正しくありません。,스마트폰의 네트워크가 활성화되어 있지 않거나 서버주소가 올바르지 않습니다.,Prietaiso prisijungimas negalimas arba netinkamas serverio adresas,Sieć jest nie aktywna na Twoim urządzeniu lub adres serwera jest niepoprawny.,
!key!Need Translate,error_network2,Setting/,Device Network Disabled or Server Temporarily Unavailable,Nedostupné zařízení nebo dočasně nedostupný server,Keine Datenverbindung oder temporärer Serverfehler.,Réseau d'équipement non disponible ou serveur momentanément indisponible,Connessione Dispos. Disabilitata o Server non disponibile ,端末ネットワークが無効か、サーバが接続できない状態です。,스마트폰의 네트워크가 활성화되어 있지 않거나 서버가 일시적으로 중지되었습니다.,Prietaiso pasirinkimas negalimas arba serveris laikinai neprieinamas,Sieć jest nie aktywna na Twoim urządzeniu lub serwer jest chwilowo wyłączony.,
!key!Need Translate,error_set_date,UserModify/FilterView/,Expiry Date Must be Greater than Start Date,Datum expirace musí být pozdější než počáteční datum,Ablaufdatum muss nach Startdatum liegen.,La date d'expiration doit être supérieure à celle de départ,Data Fine successiva a data inizio ,有効期限は、開始日よりも後の日付でなければなりません。,시작일보다 종료일이 커야 합니다.,Galiojimo pabaigos data turi būti prieš pradžios datą,Data końcowa powinna być większą od daty początkowej.,
!key!Need Translate,error_set_end_date,UserModify/,Expiry Date Must be Less than 2030,Datum expirace musí být nižší než 2030,Ablaufdatum muss vor 2031 liegen.,la date d'expiration doit être inférieure à 2030,Data Fine prima del 2020 ,有効期限は、2030年よりも前でなければなりません。,종료일은 최대 2030년입니다.,Galiojimo data turi būti ne ilgesnė nei iki 2030,Data końcowa powinna być mniejsza niż 2031,
!key!Need Translate,error_set_start_date,UserModify/,Start Date Must be Greater than 1999,Počáteční datum musí být vyšší než 1999,Startdatum muss nach 1999 liegen.,La date de départ doit être supérieure à 1999,Data inizio successiva al 1999 ,開始日は、1999年より後の日付でなければなりません。,시작일은 2000년부터입니다.,Galiojimo data turi būti vėlesnė nei 1999,Data rozpoczęcia powinna być większa niż 1999,
!key!Need Translate,event,Monitor/view_filter/,Event,Událost,Ereignis,Evénement,Evento ,イベント,이벤트,Įvykis,Zdarzenie,
!key!Need Translate,exit_button,_door/,Exit Button,Odchodové tlačítko,Türöffner,Bouton de sortie,Apriporta ,退出ボタン,퇴실 버튼,Išėjimo mygtukas,Przycisk wyjścia,
!key!Need Translate,exit_device,_door/,Exit Device,Odchodová čtečka,Ausgangs-Gerät,Equipement de sortie,Dispos. Uscita ,退出端末,퇴실 장치,Išėjimo prietaisas,Urządzenie wyjściowe,
!key!Need Translate,fail,Alarm/Door/Home/,Fail,Chyba,Fehlgeschlagen,Echec,Errore ,失敗,실패,Nepavyko,Błąd,
!key!Need Translate,fail_retry,Alarm/BaseAccessGroup List/BaseCard List/BaseDevice List/BaseDoor List/BaseMonitor List/BasePermission List/BaseUser List/BaseUserGroup List/DoorList/Monitor/Preference/Card/Fingerprint/MyProfile/UserList/UserModify/,Request Fail@ Retry?,Požadavek neproveden. Opakovat?,Fehlgeschlagen. Erneut versuchen?,Echec de la requête@ réessayer ?,Errore richiesta@ riprovare? ,失敗しました。再試行しますか？,요청이 실패했습니다.\n다시 시도하시겠습니까?,Nepavyko@ bandyti dar kartą?,Wystąpił błąd. Czy chcesz spróbować ponownie?,
!key!Need Translate,fail_verify_finger,Fingerprint/,Fingerprint Verification Fail,Verifikace otisku prstu selhala,Fingerverifizierung fehlgeschlagen,La vérification de l'empreinte a échouée,Errore verifica impronta ,指紋照合失敗,지문이 일치하지 않습니다.,Pirštų atspaudų identifikuoti nepavyko,Błąd weryfikacji skanowania palca,
!key!Need Translate,filter,Monitor/filter/user_list_admin/,Filter,Filtr,Filter,Filtre,Filtro ,フィルター,필터,Filtras,Filtr,
!key!Need Translate,finger_on_device,Fingerprint/,Scan Finger on the Selected Device,Přiložte prst na zvolenou čtečku,Bitte Finger auf dem Gerätesensor platzieren.,Scanner le doigt sur l'équipement sélectionné,Scan impronta su dispos. selezionato ,端末で指をスキャンして下さい。,손가락을 장치 센서에 놓으세요.,Padėkite pirštą ant jutiklio,Umieść palec na sensorze czytnika,
!key!Need Translate,finger_on_device_same,Fingerprint/,Re-Scan Finger on the Selected Device,Znovu přiložte prst na zvolenou čtečku,Bitte den Finger erneut auf dem Gerätesensor platzieren.,Scanner de nouveau le doigt sur l'équipement sélectionné,Riscannerizza impronta ,確認のため、もう一度、スキャンして下さい。,다시 한번 손가락을 장치 센서에 놓으세요.,Dar kartą nuskanuokite pirštą,Umieść palec na sensorze czytnika ponownie,
!key!Need Translate,fingerprint,FingerPrint List/Fingerprint/_user_inquiry/_user_modify/,Fingerprint,Otisk prstu,Fingerabdruck,Empreinte digitale,Impronta ,指紋,지문,Pirštų atspaudas,Odcisk palca,
!key!Need Translate,forceUpdate,Home/,Update Required,Vyžadována aktualizace,Muss aktualisiert werden,Doit être mis à jour,Aggiornam. Richiesto ,更新する必要があります。,업데이트를 해야 합니다.,Reikia atnaujinimo,Wymagana Aktualizacja,
!key!Need Translate,forced_open,Door/,Forced Entry Detected,Detekován násilný vstup,Gewaltsam geöffnet,Ouverture forcée,Entrata coercitiva rilevata ,強制解錠,강제 문열림,Nesankcionuotas įėjimas,Wykryto sforsowanie drzwi,
!key!Need Translate,format,Preference/,Format,Formát,Format,Format,Formato ,フォーマット,형식,Formatas,Format,
!key!Need Translate,from_gallery,MyProfile/UserModify/,From Gallery,Z galerie obrázků,Aus Galerie,Depuis la galerie,Da Galleria ,ギャラリーからインポート,갤러리에서 가져오기,Iš galerijos,Z Galerii,
!key!Need Translate,group,_user_inquiry/_user_modify/,Group,Skupina,Gruppe,Groupe,Gruppo ,グループ,그룹,Grupė,Grupa,
!key!Need Translate,held_opened,Door/,Held Opened,Dveře ponechány otevřené,Offen gehalten,Maintenu ouvert,Tieni Aperto ,連続解錠,장시간 문열림,Laikyti atidarytas,Drzwi przytrzymane,
!key!Need Translate,id,Card List/_login/,ID,číslo,ID,ID,ID ,ID,ID,ID,ID,
!key!Do not Translate,image,_guide/_login/_alarm/_door/_main/_prefernce/_user_inquiry/_user_modify/list_item/list_item_alarm/list_item_door/list_item_monitor/list_item_user/popup_common/popup_password/popup_toast/view_custom_actionbar_title/view_filter/view_sub_toolbar/view_switch/,image,,,,,,,,,
!key!Need Translate,inactive,MyProfile/UserInquriy/UserModify/,Inactive,Neaktivní,Inaktiv,Inactif,Deattiva ,無効,비활성화,Neaktyvus,Nieaktywny,
!key!Need Translate,info,Login/Base/Base/BaseList List/Home/Preference/Fingerprint/MyProfile/UserModify/FilterView/,Information,Informace,Information,Information,Informazioni ,通知,알림,Informacija,Informacje,
!key!Need Translate,inherited,UserAccessGroup List/UserCloudRole List/,Inherited Value,Zděděná hodnota,Stammdaten,Données par défaut,Dati Anagrafici ,継承された値,상속받은 정보입니다.,Pagrindinė vertė ???,Wartości są dziedziczone,
!key!Need Translate,inherited_not_change,Card List/FingerPrint List/UserAccessGroup List/UserCloudRole List/,Modification Unavailable,Modifikace nedostupná,Kann nicht verändert werden.,Modification non disponible,Modifiche non disponibili ,変更することはできません。,변경할 수 없습니다.,Modifikacija negalima,Nie możne zostać zmienione,
!key!Need Translate,input_port,Door/,Input Port,Vstupní port,Input-Port,Port d'entrée,Input-Porta ,入力ポート,입력 포트,Įvesties vieta,Port wejścia,
!key!Need Translate,invalid_email,MyProfile/UserModify/TextWatcherFilter/,Invalid Email,Neplatný e-mail,E-Mail-Adresse ungültig,Mail invalide,E-mail non valida ,メールアドレスが、不正です。,이메일 주소가 올바르지 않습니다.,Negaliojantis e.paštas,Niepoprawny adres Email,
!key!Need Translate,invalid_userid,UserModify/,Invalid User ID@ Enter a Number between 1 ~ 4@294@967@294,Neplatné číslo uživatele@ zadejte číslo mezi 1 a 4.294.967.294,Der Maximalwert für die Benutzer-ID ist 4294967294.,ID utilisateur invalide@ entrer un nombre entre 1 ~ 4@294@967@294,Id Utente non valido@ immettere numero tra 1 ~ 4@294@967@294 ,ユーザーIDが不正です。1～4@294@967@294の範囲で入力して下さい。,사용할 수 없는 ID입니다.\n 1 ~ 4294967294의 숫자를 입력하십시오.,Netinkamas naudotojo ID@ pasirinkite numerį tarp 1 ~ 4@294@967@294,Maksymalna wartość ID użytkownika to 4294967294.,
!key!Do not Translate,korean_day,Main/,요일,,,,,,,,,
!key!Need Translate,latest_version,Preference/,Latest Version,Poslední verze,Aktuellste Version,Dernière version,Versione attuale ,最新バージョン,최신 버전입니다.,Dabartinė versija,Najnowsza wersja,
!key!Need Translate,lock,Alarm/Door/door_admin/,Lock,Zamknout,Verschließen,Verrouillé,Blocca ,ロック,잠김,Užrakinti,Zablokowany,
!key!Need Translate,log_out,side menu/,LOG OUT,ODHLÁSIT,ABMELDEN,Déconnecter,Disconnettersi ,ログアウト,로그아웃,Atsijungti,Wyloguj,
!key!Need Translate,login,_login/,Login,Přihlášení,Anmelden,Connexion,Login ,ログイン,로그인,Prisijungti,Login,
!key!Need Translate,login_empty,Login/,Missing ID/Password/URL,Chybějící ID / heslo / URL,Sie müssen ID/Passwort/URL eingeben,ID manquant/mot de passe/URL,Immettere ID/Password/URL ,ID / パスワード / URLを入力する必要があります。,아이디와 패스워드 도메인정보를 입력해야 합니다.,Įveskite trūkstamą ID/Slaptažodžio/URL,Musisz wpisać numer ID/hasło/adres Url,
!key!Need Translate,login_expire,Login/Base/Base/BaseList List/Home/,Login Expired,Přihlášení vypršelo,Anmeldedaten abgelaufen,Connexion expirée,Login scaduto ,ログイン情報の期限切れ,로그인 정보가 만료되었습니다.,Pasibaigęs prisijungimo laikas,Login wygasa,
!key!Need Translate,login_fail,Login/Home/,Login Failed,Chyba přihlášení,Anmeldung fehlgeschlagen,Connexion échouée,Errore Login ,ログイン失敗,로그인 실패,Prisijungimas negalimas,Błąd logowania,
!key!Need Translate,login_id,_user_modify/,Login ID,Přihlašovací ID,Anmelde-ID,ID de connexion,ID Login ,ログインID,로그인 아이디,Prisijungimo ID,Login Id,
!key!Need Translate,low_quality,Fingerprint/,Insufficient Fingerprint Quality,Nedostatečná kvalita otisku prstu,Scanqualität ist niedrig,Qualité de l'empreinte insuffisante,Qualita' scan impronta bassa ,指紋スキャンの品質が低いです。,스캔 품질이 낮습니다.,Nepakankama atspaudo kokybė,Jakość skanowania jest niska,
!key!Need Translate,max_size,Card/Fingerprint/UserAccessGroup/,Exceeded Registration Limit,Překročen limit registrací,Maximale Registrierungsanzahl,Limite d'enregistrement dépassée,Numero massimo registrazioni ,最大登録数を超えました。,최대등록 갯수를 넘었습니다.,Viršytas prisijungimų limitas,Maksymalna liczba zarejestrowanych,
!key!Need Translate,memory_poor,BaseCard List/BaseMonitor List/BasePermission List/BaseUser List/,Insufficient Memory,Nedostatečná paměť,Nicht genug Speicherplatz,Espace mémoire insuffisant,Memoria insufficiente ,スマートフォンのメモリが不足しています。,스마트폰의 메모리가 부족합니다.,Nepakanka atminties,Niewystarczająca pamięć,
!key!Need Translate,menu,door_admin/menu/search/,Menu,Menu,Menü,Menu,Menu' ,メニュー,메뉴,Meniu,Menu,
!key!Need Translate,min,Door/,Min,Min.,min,Min,Min ,分,분,Min.,Minimum,
!key!Need Translate,mobile,_login/,Mobile,Mobilní,Mobil,Mobile,Mobile ,モバイル,모바일,Mobilus,Mobilnie,
!key!Need Translate,monitoring,Monitor/side menu/,Monitoring,Deník událostí,Überwachung,Surveillance,Monitoraggio ,モニタリング,모니터링,Stebėjimas,Monitoring,
!key!Need Translate,monitoring_upper,_main/,MONITORING,DENÍK,ÜBERWACHUNG,SURVEILLLANCE,MONITORAGGIO ,モニタリング,모니터링,STEBĖJIMAS,Monitoring,
!key!Need Translate,myprofile,MyProfile/,My Profile,Můj profil,Mein Profil,Mon profile,Profilo ,プロフィール,내정보,Mano profilis,Mój profil,
!key!Need Translate,name,_user_inquiry/_user_modify/,Name,Jméno,Name,Nom,Nome ,名称,이름,Vardas,Imię,
!key!Need Translate,nd,Card List/FingerPrint List/,nd,ND,.,nd,ndo ,番目,번째,nd,nd,
!key!Need Translate,new_,_prefernce/,New,Nové,Neu,Nouveau,Nuovo ,更新,업데이트,Naujas,Nowy,
!key!Need Translate,new_notification,GcmBroadcastReceiver/,New Notification,Nové upozornění,Neue Benachrichtigung,Nouvelle notification,Nuove Notifiche ,新着通知,새로운 알림,Naujas pranešimas,Nowe powiadomienie,
!key!Need Translate,new_user,UserModify/,New User,Nový uživatel,Neuer Benutzer,Nouvel utilisateur,Nuovo Utente ,新しいユーザー,새로운 사용자,Naujas vartotojas,Nowy użytkownik,
!key!Need Translate,new_version,Home/,New Version Available@ Update?,Dostupná nová verze. Aktualizovat?,Auf aktuellste Version aktualisieren?,Nouvelle version disponible@ mettre à jour ?,Nuova Vers. Disponibile@ aggiornare? ,新しいバージョンに更新しますか？,새로운 버전으로 업데이트하시겠습니까?,Pasiekiama nauja versija@ atnaujinti?,Czy zaktualizować do nowszej wersji?,
!key!Need Translate,no_more_data,BaseAlarm List/BaseDoor List/BaseMonitor List/BaseUser List/,End of Data,Žádná další data,Keine weiteren Daten,Aucune autre donnée,Nessun nuovo dato ,もうデータがありません。,더이상 데이타가 없습니다.,Trūksta duomenų,Nie ma więcej danych,
!key!Need Translate,no_permission,Setting/,You do not have permission.,Nemáte oprávnění,Sie haben keine ausreichenden Berechtigung.,Vous n'avez pas la permission.,Non si hanno autorizzazioni ,権限がありません。,권한이 없습니다.,Jūs neturite įgaliojimų,Nie masz uprawnień,
!key!Need Translate,none,Alarm/Door/MyProfile/UserInquriy/UserModify/,None,Žádné,Nichts,Aucun,Niente ,なし,없음,Nėra,Żaden,
!key!Need Translate,none_data,Alarm/AlarmList/Door/DoorList/Monitor/SelectPopup/Card/Fingerprint/MyProfile/Permision/UserAccessGroup/UserInquriy/,Data None,Žádná data,Keine Daten,Aucune donnée,Nessun Dato ,データがありません。,데이타가 없습니다.,Nėra duomenų,Brak danych,
!key!Need Translate,none_device,Alarm/,Device Not Found,Zařízení nenalezeno,Gerät nicht gefunden,L'équipement non trouvé,Dispos. Non trovato ,端末が見つかりませんでした。,장치를 찾을 수 없습니다.,Prietaisas nerastas,Urządzenie nie znalezione,
!key!Need Translate,none_door,Alarm/,Door Not Found,Dveře nenalezeny,Keine Tür gefunden,Porte non trouvé,Porta non trovata ,ゲートがありません。,출입문을 찾을 수 없습니다.,Durys nerastos,Nie znaleziono drzwi,
!key!Need Translate,notice_connection_fail,Html5WebView/,Network Connection Fail,Chyba síťového připojení,Netzwerkverbindung fehlgeschlagen,Echec de la connexion au réseau,Connessione fallita ,ネットワーク接続に失敗しました。,네트워크 연결에 실패했습니다.,Tinklo ryšys nutrūko,Błąd łączenia z siecią,
!key!Need Translate,notification,_prefernce/,Notification,Upozornění,Benachrichtigung,Notification,Notifiche ,プッシュ通知,Push 알림,Pranešimas,Powiadomienie,
!key!Need Translate,notification_time,_alarm/,Notification Time,Čas upozornění,Benachrichtigungszeit,Temps de notification,Ora Notifiche ,通知時間,알림 시간,Pranešimo laikas,Czas powiadomienia,
!key!Need Translate,ok,Login/Alarm/AlarmList/BaseAccessGroup List/Base/BaseCard List/BaseDevice List/BaseDoor List/Base/BaseList List/BaseMonitor List/BasePermission List/BaseUser List/BaseUserGroup List/DoorList/Home/Monitor/Popup/Preference/Card/Fingerprint/MyProfile/Permision/UserAccessGroup/UserList/UserModify/popup_card/popup_common/popup_password/popup_select/,OK,OK,OK,OK,OK ,確認,확인,OK,OK,
!key!Need Translate,only_alpha_num_email,TextWatcherFilter/,"Enter alphabet@numbers@""@""@""."" only","Zadávejte pouze písmena@ číslice a znaky ""@"" a "".""","Bitte nur Buchstaben@ Zahlen@ ""@"" und ""."" eingeben.","Entrer uniquement les caractères alphabets@ les nombres et "".""@""@""","Solo lettere@ numeri e ""@""@""."" accettati" ,英数字および、カンマ、ピリオドを入力してください。,"알파벳@숫자@""@""@"".""만 입력해주세요.","Įrašykite raides@ skaičius arba @""@""@"".""","Wprowadź tylko znaki alfabetu@liczby@""@""@"".""",
!key!Need Translate,only_alpha_num_special,TextWatcherFilter/,Enter alphabet@numbers@special only,Zadávejte pouze písmena@ číslice@ a speciální znaky,Bitte nur Buchstaben@ Zahlen und Sonderzeichen eingeben.,Entrer uniquement les caractères alphabets@ spéciaux et les nombres,Solo lettere@ numeri e caratteri speciali accettati ,英数字および記号を入力して下さい。,알파벳@숫자@일부 특수기호만 입력해주세요,Rašykite tik raides ir skaičius,Wprowadź tylko znaki alfabetu@liczby i znaki specjalne,
!key!Need Translate,only_number,TextWatcherFilter/,Enter only Numbers,Zadávejte pouze číslice,Bitte nur Zahlen eingeben.,Entre uniquement des nombres,Immettere solo numeri ,数字のみの入力です。,숫자만 입력해주세요,Rašykite tik skaičius,Proszę wpisać tylko cyfry,
!key!Need Translate,only_number_dash,TextWatcherFilter/,"Enter only Numbers and ""-@+""","Zadávejte pouze číslice a ""-@+""",Bitte nur Zahlen und Bindestriche eingeben.,"Entrer uniquement des nombres et ""-""","Immettere solo numeri e ""-""" ,"数字と""-""のみの入力です。","숫자와 ""-@+""만 이력해주세요.","Raykite tik skaičius ir ""-""",Proszę wpisać tylko cyfry i tyldę,
!key!Need Translate,open,Alarm/Door/door_admin/,Open,Otevřít,Öffnen,Ouvert,Apri ,開放,개방,Atidaryta,Otwarty,
!key!Need Translate,open_door_time,Alarm/_alarm/,Door Open Time,Doba otevření dveří,Tür-Öffnungszeit,Temps d'ouverture de porte,Ora Apertura Porta ,ゲート開放時間,출입문 개방 시간,Durų atidarymo laikas,Czas otwarcia drzwi,
!key!Need Translate,open_door_time_des,Alarm/,(in 3 hours),(za 3 hodiny),(in 3 Stunden),(en 3 heures),(in 3 secondi) ,（3時間以内）,요청후 3시간내에 로그,(per 3 valandas),(w ciągu 3 godzin),
!key!Need Translate,open_time,_door/,Open Time,Čas otevření,Öffnungsdauer,Temps d'ouverture,Durata apertura ,開放時間,개방 시간,Atidarymo laikas,Czas otwarcia,
!key!Need Translate,operator,Permision/_user_inquiry/_user_modify/,BioStar Operator,BioStar Operátor,BioStar-Operator,Opérateur BioStar,Operatore BioStar ,権限,권한,BioStar Operatorius,Operator Biostara,
!key!Need Translate,password,MyProfile/UserModify/_login/_user_modify/popup_password/,Password,Heslo,Passwort,Mot de passe,Password ,パスワード,암호,Slaptažodis,Hasło,
!key!Need Translate,password_confirm,popup_password/,Password Confirm,Potvrzení hesla,Passwortbestätigung,Confirmer le mot de passe,Conferma Password ,パスワードの確認,암호 확인,Slaptažodžio patvirtinimas,Potwierdź hasło,
!key!Do not Translate,password_display,MyProfile/UserModify/_user_inquiry/,********,,,,,,,,,
!key!Need Translate,password_empty,PasswordPopup/,Enter Password,Zadejte heslo,Sie müssen Passwort und Passwortbestätigung eingeben.,Entrer le mot de passe,Immetti Password ,パスワードを入力して下さい。,암호와 암호확인란에 입력하세요.,Įveskite slaptažodį,Musisz podać hasło i je potwierdzić,
!key!Need Translate,password_guide,PasswordPopup/popup_password/,Minimum of 8 characters with one or more alphabet@ number required,Je vyžadováno min. 8 znaků s min. jedním písmenem@ číslem@ a speciálním znakem,Das Passwort muss aus mindestens 8 Zeichen@ mit je mindestens einem/r Buchstaben@ Zahl und Sonderzeichen bestehen.,Un minimum de 8 lettres doivent être inclus ou plus de caractères alphabets@ nombres et symboles spéciaux,Minimo 8 caratteri@ tra i quali almeno un numero@ una lettera e un carattere speciale ,8文字以上で、英数字および記号が、最低でも1文字は含まれている必要があります。,8자리 이상을 입력해야합니다. 알파벳@숫자가 한글자 이상씩 포함되야 합니다.,Įveskite bent 8 ženkus iš kurių bent viena raidė@ skaičius ir simbolis.,Wymagane minimum 8 znaków w tym numeryczne i specjalne,
!key!Need Translate,password_guide_strong,PasswordPopup/,Minimum of 8 characters with one or more alphabet(Upper/Lower)@ number@ and special symbol required,Je vyžadováno min. 8 znaků s min. jedním písmenem@ číslem@ a speciálním znakem,Das Passwort muss aus mindestens 8 Zeichen@ mit je mindestens einem/r Buchstaben@ Zahl und Sonderzeichen bestehen.,Un minimum de 8 lettres doivent être inclus ou plus de caractères alphabets@ nombres et symboles spéciaux,Minimo 8 caratteri@ tra i quali almeno un numero@ una lettera e un carattere speciale ,8文字以上で、英数字および記号が、最低でも1文字は含まれている必要があります。,8자리 이상을 입력해야합니다. 알파벳(대문자/소문자)@숫자@특수기호가 한글자 이상씩 포함되야 합니다.,Įveskite bent 8 ženkus iš kurių bent viena raidė@ skaičius ir simbolis.,Wymagane minimum 8 znaków w tym numeryczne i specjalne,
!key!Need Translate,password_invalid,PasswordPopup/,Password Doesn't Match,Hesla si neodpovídají,Passwort und Passwortbestätigung stimmen nicht überein.,Le mot de passe de correspond pas,Le Password non combaciano ,パスワードが一致しません。,암호가 일치하지 않습니다.,Slaptažodis nesutampa,Nie takie same hasło lub potwierdzenie,
!key!Need Translate,period,_user_inquiry/_user_modify/view_filter/,Period,Časová zóna,Zeitraum,Période,Periodo ,期間,기간,Laikotarpis,Okres,
!key!Need Translate,permission_setting,Permision/,Permission Setting,Nastavení oprávnění,Berechtigungseinstellungen,Paramètres d'autorisation,Impostaz. Permessi ,アクセス権設定,권한설정,Leidimų nustatymas,Ustawienia Dostepu,
!key!Need Translate,pin_upper,MyProfile/UserModify/_user_inquiry/_user_modify/,PIN,PIN,PIN,PIN,PIN ,暗証番号,PIN,PIN,Kod PIN,
!key!Need Translate,pincount,PasswordPopup/MyProfile/UserModify/,Enter 4 or more Letters,Zadejte 4 nebo více znaků,Mindestens 4 Zeichen,Entrer 4 lettres ou plus,Minimo 4 lettere ,4桁以上入力して下さい。,4자리 이상 입력하세요,Įveskite 4 ar daugiau raidžių,minimum 4 litery lub więcej,
!key!Need Translate,playstore,Home/Preference/,Google PlayStore,Obchod Play,Google Play Store,Google PlayStore,Google PlayStore ,Google PlayStore,구글 플레이 스토어,Google PlayStore,Sklep Google,
!key!Need Translate,preference,Preference/,Setting,Nastavení,Einstellungen,Paramètres,Impostazioni ,設定,기본 설정,Nustatymai,Ustawienia,
!key!Need Translate,quality,Fingerprint/,Quality,Kvalita,Qualität,Qualité,Qualita' ,クオリティ,품질,Kokybė,Jakość,
!key!Need Translate,quit,Home/,Quit,Ukončit,Beenden,Quitter,Esci ,終了,종료,Išeiti,Wyjdź,
!key!Need Translate,quit_question,Home/,Quit BioStar 2 Mobile?,Ukončit aplikaci?,Möchten Sie sicher beenden?,Quitter BioStar 2 Mobile ?,Uscire da BioStar 2 Mobile? ,BioStar 2 モバイルを終了しますか？,종료하시겠습니까?,Išeiti iš BioStar 2 Mobile?,Czy chcesz zamknąć aplikację?,
!key!Need Translate,rd,Card List/FingerPrint List/,rd,RD,.,rd,zo ,番目,번째,rd,rd,
!key!Need Translate,registeration_option,Card/,Registration Option,Volby registrace,Registrierungsoptionen,Option d'enregistrement,Opzioni registrazione ,登録オプション,등록 방법,Registracijos pasirinkimas,Opcje rejestracji,
!key!Need Translate,registeration_option_assign_card,Card/,Assign Card,Přiřadit kartu,Karte zuweisen,Assigner la carte,Assegna Carta ,カード割当て,카드 할당,Priskirti kortelę,Karta przypisana,
!key!Need Translate,registeration_option_card_reader,Card/,Register via Card Reader,Registrovat na čtečce karet,Mit Kartenleser registrieren,Enregistrer via le lecteur de carte,Registra via Lettore Carte ,カードリーダーで登録,장치리더로 등록(신규카드),Registruotis per kortelės skaitytuvą,Zarejestrowano przez czytnik kart,
!key!Need Translate,relay,Door/,Relay,Relé,Relais,Relais,Rele' ,リレー,릴레이,Relė,Przekaźnik,
!key!Need Translate,request_open,Door/,Door Open Request,Požadavek na otevření dveří,Öffnungsanfrage,Requête de porte ouverte,Richiesta apertura porta ,ゲート開放要求,출입문 개방 요청,Prašoma atidaryti duris,Otwarcie,
!key!Need Translate,request_open_fail,Door/,Door Open Request Denied,Požadavek na otevření dveří zamítnut,Öffnungsanfrage fehlgeschlagen,Requête de porte ouverte refusée,Richiesta apertura porta negata ,ゲート開放要求 拒否,출입문 개방 요청 실패,Durų atidarymo prašymas atmestas,Otwarcie drzwi zakończone niepowodzeniem,
!key!Need Translate,request_open_sent,Door/,Door Open Request Sent,Požadavek na otevření dveří poslán,Öffnungsanfrage gesendet,Requête de porte ouverte envoyée,Richiesta apertura porta inviata ,ゲート開放要求を送信しました。,출입문 개방 요청을 보냈습니다.,Prašymas atidaryti duris išsiųstas,Otwórz drzwi,
!key!Need Translate,restore_default,filter_save/,Restore Default,,,,,,,,,
!key!Need Translate,retry,Login/Home/,Retry,Opakovat,Erneut versuchen,Réessayer,Riprova ,再試行,재시도,Bandyti dar kartą,Ponów,
!key!Need Translate,retry_get_message,Home/,Fail to Receive Data@ Retry?,Chyba v načítání dat. Opakovat?,Empfang der Mitteilungsdaten fehlgeschlagen.\nErneut versuchen?,Réception des données échouée@ réessayer ?,Errore ricezione dati@ riprovare? ,データ受信に失敗しました。再試行しますか？,메시지 정보를 받는데 실패했습니다.\n 다시 시도하시겠습니까?,Duomenys nepriimti@ bandyti dar kartą?,Błąd pobierania danych. Czy spróbować ponownie?,
!key!Need Translate,retry_get_preference,Home/,Fail to Receive Data@ Retry?,Chyba v načítání dat. Opakovat?,Empfang der Zeitzonendaten fehlgeschlagen.\nErneut versuchen?,Réception des données échouée@ réessayer ?,Errore ricezione dati@ riprovare? ,タイムゾーン情報の受信に失敗しました、再試行しますか？,표준시간대 정보를 받는데 실패했습니다.\n 다시 시도하시겠습니까?,Duomenys nepriimti@ bandyti dar kartą?,Błąd pobierania danych o strefie czasowej. Czy spróbować ponownie?,
!key!Need Translate,save,filter_save/save/,Save,Uložit,Speichern,Sauvegarder,Salva ,保存,저장,Saugoti,Zapisz,
!key!Need Translate,scan_success,Fingerprint/,Scan Successful,Načtení proběhlo úspěšně,Scan erfolgreich,Scan réussi,Scan completato ,指紋登録成功,지문등록 성공,Skanavimas sėkmingas,Skanowania zakończone powodzeniem,
!key!Need Translate,search,search/,Search,Hledat,Suche,Recherche,Trova ,検索,찾기,Ieškoti,Szukaj,
!key!Need Translate,sec,Door/,sec,s,Sek,sec,Sec ,秒,초,sek.,Sekunda,
!key!Need Translate,select,Permision/,Select,Zvolit,Auswählen,Sélectionner,Seleziona ,選択,선택,Pasirinkti,Wybierz,
!key!Need Translate,select_access_group,UserAccessGroup/,Select Access Group,Zvolit skupinu,Zutrittsgruppe auswählen,Sélectionner le(s) groupe(s) d'accès,Seleziona Gruppo Accessi ,アクセスグループを選択,출입그룹을 선택하세요.,Pasirinkti įeigos grupę,Wybierz grupę dostępu,
!key!Need Translate,select_device_orginal,Fingerprint/FilterView/,Select Device,Zvolit zařízení,Gerät auswählen,Sélectionner le(s) équipement(s),Seleziona Dispositivo ,端末を選択,장치를 선택하세요.,Pasirinkti prietaisą,Wybierz urządzenie,
!key!Need Translate,select_event,FilterView/,Select Event,Zvolit událost,Ereignis auswählen,Sélectionner le(s) évènement(s),Seleziona Evento ,イベントを選択,이벤트 선택,Pasirinkti įvykį,Wybierz zdarzenie,
!key!Need Translate,select_link,Home/Monitor/Preference/UserModify/FilterView/,Select Link Page,Zvolit odkaz na stránku,Link-Seite auswählen,Sélectionner le(s) lien(s),Seleziona pagina Link ,リンクページを選択,연결 페이지를 선택하세요.,Pasirinkite puslapį,Wybierz stronę z linkiem,
!key!Need Translate,select_user_group,UserList/UserModify/,Select User Group,Zvolit skupinu uživatelů,Benutzergruppe auswählen,Sélectionner le(s) groupe(s) d'utilisateurs,Seleziona Gruppo Utenti ,ユーザーグループを選択,사용자 그룹 선택,Pasirinkti vartotojų grupę,Wybierz grupę użytkownika,
!key!Need Translate,select_user_original,FilterView/,Select User,Zvolit uživatele,Benutzer auswählen,Sélectionner le(s) utilisateur(s),Seleziona Utente ,ユーザーを選択,사용자 선택,Pasirinkti vartotoją,Wybierz użytkownika,
!key!Need Translate,selected_count,AlarmList/Card/Fingerprint/Permision/UserAccessGroup/UserList/SubToolbar/,Number Selected,Počet vybraných,Ausgewählt,Nombre(s) sélectionné(s),Selezionati ,選択番号,선택된 갯수,Skaičius pasirinktas,Wybrano,
!key!Need Translate,selected_none,AlarmList/Card/Fingerprint/Permision/UserAccessGroup/UserList/,None Selected,Žádný vybraný,Nichts ausgewählt,Aucune sélection,Nessuno Selezionato ,選択項目なし,선택된 항목이 없습니다.,Nieko nepasirinkta,Nie zaznaczono,
!key!Need Translate,server_null,Card/Fingerprint/UserList/,Server Not Responding,Server neodpovídá,Keine Antwort vom Server,Le serveur ne répond pas,Nessuna risposta dal Server ,サーバー応答なし,서버응답이 없습니다.,Serveris neatsako,Brak odpowiedzi serwera,
!key!Need Translate,st,Card List/FingerPrint List/,st,ST,.,st,mo ,番目,번째,Stebėjimas,nd,
!key!Need Translate,start_date,UserModify/FilterView/,Start Date,Počáteční datum,Startdatum,Date de début,Data inizio ,開始日,시작일,Pradžios data,Data rozpoczęcia,
!key!Need Translate,start_time,FilterView/,Start Time,Od...,Startzeit,Temps de début,Ora inizio ,開始時間,시작 시간,Pradžios laikas,Czas rozpoczęcia,
!key!Need Translate,status,MyProfile/UserModify/_user_inquiry/_user_modify/,Status,Stav,Status,Statut,Stato ,状態,상태,Statusas,Status,
!key!Need Translate,success,Preference/,Success,Provedeno,Erfolgreich,Succès,Completato ,成功,성공,Sėkmingas,Sukces,
!key!Need Translate,ta,_main/,TA,TA,Zeiterfassung,TA,TA ,勤怠,TA,TA,RCP(Rejestracja Czasu Pracy),
!key!Need Translate,take_picture,MyProfile/UserModify/,Take Photo,Vyfotit,Bild aufnehmen,Prendre une photo,Fai Foto ,写真撮影,사진 찍기,Daryti nuotrauką,Zrób zdjęcie,
!key!Need Translate,telephone,_alarm/_user_inquiry/_user_modify/,Telephone,Telefon,Telefon,Téléphone,Telefono ,電話番号,전화번호,Telefonas,Telefon,
!key!Need Translate,th,Card List/FingerPrint List/,th,TH,.,th,to ,番目,번째,th,nd,
!key!Need Translate,time,Preference/_prefernce/view_filter/,Time,Čas,Zeit,Temps,Ora ,時間,시간,Laikas,Czas,
!key!Need Translate,timezone,_prefernce/,Time Zone,Časová zóna,Zeitzone,Zone de temps,Fuso Orario ,タイムゾーン,표준시간대,Laiko zona,Strefa czasowa,
!key!Need Translate,total,SubToolbar/view_sub_toolbar/,Total,Celkem,Gesamt,Total,Totale ,総数,총 갯수,Visas,Ogółem,
!key!Need Translate,unlock,Alarm/Door/door_admin/,Unlock,Odemknout,Aufschließen,Débloqué,Sblocca ,ロック解除,잠금해제,Atrakinti,Odblokuj,
!key!Need Translate,unread,list_item_alarm/,New,Nové,Neu,Nouveau,Nuovo ,新着通知,새로운 알림,Naujas,Nowe,
!key!Need Translate,update_guide,Home/,Update Available Through Configuration in the Side Menu,Aktualizace je dostupná skrze konfiguraci v bočním menu,Sie können in mithilfe der Konfiguration des seitlichen Menüs ein Update vornehmen.,Vous pouvez mettre à jour via les paramètres du menu,Aggiornamento disponibile in Configurazione nel Menu' ,サイドメニューの環境設定から、更新が可能です。,사이드 메뉴의 환경설정을 통해서 업데이트가 가능합니다.,Papildomame meniu galimas atnaujinimas,Aktualizacja dostępna za pośrednictwem konfiguracji w menu bocznym,
!key!Need Translate,user,Monitor/UserList/_alarm/side menu/view_filter/,User,Uživatel,Benutzer,Utilisateur,Utente ,ユーザー,사용자,Vartotojas,Użytkownik,
!key!Need Translate,user_add,user_list_admin/,Add User,Přidat uživatele,Benutzer hinzufügen,Ajouter un utilisateur,Agg. Utente ,ユーザー追加,사용자 추가,Pridėti vartotoją,Dodaj użytkownika,
!key!Need Translate,user_create_empty,MyProfile/UserModify/,ID must be Entered,Číslo musí být zadáno,ID muss eingegeben werden.,L'ID doit être renseigné,Immettere ID ,ユーザーIDを入力して下さい。,사용자 아이디를 입력하세요.,Privaloma įrašyti ID,Musisz podać numer ID,
!key!Need Translate,user_create_empty_idpassword,MyProfile/UserModify/,ID and Password must be Entered,Číslo a heslo musí být zadáno,ID und Passwort müssen eingegeben werden.,L'ID et le mot de passe doivent être renseignés,Immettere ID e Password ,ログインIDとパスワードを入力してください。,로그인 아이디와 암호를 입력하세요.,Privalote įrašyti ID ir slaptažodį,Musisz podać login i hasło,
!key!Need Translate,user_create_success,UserModify/,User Successfully Created,Uživatel úspěšně vytvořen,Benutzer wurde erstellt.,L'utilisateur a été créé avec succès,Creazione Utente completata ,ユーザー情報が登録されました。,사용자 정보가 등록되었습니다.,Vartotojas sukurtas sėkmingai,Użytkownik został stworzony.,
!key!Need Translate,user_id,_user_inquiry/_user_modify/,User ID,Číslo uživatele,Benutzer-ID,ID de l'utilisateur,ID Utente ,ユーザーID,사용자 아이디,Vartotojo ID,ID Użytkownika,
!key!Need Translate,user_modify_success,MyProfile/UserModify/,User Successfully Modified,Uživatel úspěšně změněn,Benutzer wurde geändert.,L'utilisateur a été modifié avec succès,Modifica Utente completata ,ユーザー情報が変更されました。,사용자 정보가 수정되었습니다.,Vartotojas sėkmingai modifikuotas,Użytkownik został zmodyfikowany.,
!key!Need Translate,user_upper,_main/,USER,UŽIVATELÉ,BENUTZER,UTILISATEUR,UTENTE ,ユーザー,사용자,VARTOTOJAS,Użytkownik,
!key!Need Translate,verify_finger,Fingerprint/,Verify Fingerprint,Ověřit otisk prstu,Finger verifizieren,Vérifier l'empreinte,Verifica impronta ,指紋確認,지문 인식 중,Patikrinkite pirštų anspaudus,Weryfikacja wzorca,
!key!Need Translate,version_mobile,_prefernce/,BioStar 2 Mobile Version,BioStar 2 - verze pro mobilní zařízení,BioStar 2 Mobile Version,Version BioStar 2 Mobile,Versione mobile BioStar 2 ,BioStar2 モバイル バージョン,BioStar 2 모바일 버전,BioStar 2 Mobile versija,BioStar 2 Wersja Mobilna,
!key!Need Translate,view_log,_alarm/_door/_user_inquiry/_user_modify/,View Log,Zobrazit log,Log ansehen,Historique d'identification,Visualizza Log ,ログ表示,로그 보기,Rodyti prisijungimą,Przegląd Zdarzeń,
!key!Need Translate,wait,Html5WebView/,Please Wait,Prosím čekejte,Warte…,Merci de patienter,Attendere… ,しばらくお待ちください。,잠시만 기다려주세요..,Prašome palaukti,Ładuję…,
!key!Do not Translate,wave,_user_modify/view_filter/,~,,,,,,,,,
